trade_id,account_id,symbol,price,quantity,side,timestamp
0,ACC_14,AAPL,101.41,98,SELL,2026-02-12 16:46:09.500860
1,ACC_0,TSLA,105.18,43,SELL,2026-02-09 00:56:09.500889
2,ACC_7,MSFT,99.9,79,SELL,2026-02-09 11:52:09.500901
3,ACC_18,MSFT,90.04,88,BUY,2026-02-10 11:50:09.500910
4,ACC_0,AAPL,98.56,53,BUY,2026-02-11 10:24:09.500917
5,ACC_0,AAPL,103.59,30,BUY,2026-02-12 15:27:09.500925
6,ACC_8,MSFT,97.79,1371,BUY,2026-02-11 13:14:09.500934
7,ACC_0,MSFT,103.26,23,SELL,2026-02-08 09:06:09.500940
8,ACC_4,MSFT,97.26,90,SELL,2026-02-11 19:10:09.500948
9,ACC_0,AAPL,98.72,10,BUY,2026-02-13 12:18:09.500955
10,ACC_16,TSLA,103.97,91,BUY,2026-02-11 16:54:09.500962
11,ACC_1,AAPL,89.01,67,BUY,2026-02-10 03:07:09.500970
12,ACC_16,TSLA,104.03,92,BUY,2026-02-07 16:52:09.500984
13,ACC_0,TSLA,99.34,61,BUY,2026-02-07 21:49:09.501021
14,ACC_6,AAPL,112.45,98,SELL,2026-02-13 08:11:09.501052
15,ACC_11,TSLA,104.41,47,SELL,2026-02-12 10:20:09.501059
16,ACC_2,TSLA,103.48,24,SELL,2026-02-14 04:59:09.501070
17,ACC_11,AAPL,94.16,30,SELL,2026-02-12 11:06:09.501078
18,ACC_8,AMZN,97.83,87,BUY,2026-02-14 08:48:09.501085
19,ACC_16,TSLA,98.36,33,BUY,2026-02-08 03:42:09.501093
20,ACC_13,AMZN,95.8,89,SELL,2026-02-11 09:24:09.501100
21,ACC_18,AAPL,102.74,77,BUY,2026-02-14 06:23:09.501108
22,ACC_10,AAPL,102.76,54,BUY,2026-02-14 13:11:09.501115
23,ACC_8,MSFT,96.65,47,SELL,2026-02-12 17:07:09.501123
24,ACC_10,MSFT,106.87,24,BUY,2026-02-12 11:32:09.501131
25,ACC_6,AAPL,101.69,66,SELL,2026-02-13 14:21:09.501138
26,ACC_16,AMZN,103.92,17,SELL,2026-02-11 04:33:09.501145
27,ACC_4,AMZN,95.85,13,BUY,2026-02-10 05:23:09.501152
28,ACC_5,AAPL,101.7,59,BUY,2026-02-12 12:47:09.501160
29,ACC_19,MSFT,95.56,94,BUY,2026-02-10 03:03:09.501167
30,ACC_9,TSLA,98.35,78,SELL,2026-02-09 07:50:09.501174
31,ACC_18,TSLA,100.22,43,BUY,2026-02-14 02:06:09.501181
32,ACC_1,MSFT,102.69,16,SELL,2026-02-12 00:37:09.501189
33,ACC_4,AAPL,101.86,55,SELL,2026-02-09 20:13:09.501197
34,ACC_10,TSLA,99.46,14,BUY,2026-02-11 01:03:09.501203
35,ACC_9,TSLA,100.45,94,BUY,2026-02-08 22:25:09.501213
36,ACC_3,AMZN,104.22,58,BUY,2026-02-09 04:08:09.501220
37,ACC_14,MSFT,97.11,50,BUY,2026-02-10 11:39:09.501227
38,ACC_14,AMZN,98.21,7,BUY,2026-02-10 00:29:09.501234
39,ACC_3,TSLA,98.67,3,BUY,2026-02-10 05:34:09.501240
40,ACC_14,AMZN,95.71,11,SELL,2026-02-14 02:19:09.501248
41,ACC_11,AAPL,95.77,70,SELL,2026-02-13 20:49:09.501256
42,ACC_0,TSLA,99.19,11,SELL,2026-02-14 03:47:09.501264
43,ACC_8,AMZN,91.86,60,BUY,2026-02-08 21:27:09.501271
44,ACC_1,AAPL,94.48,98,SELL,2026-02-12 14:10:09.501279
45,ACC_11,MSFT,97.97,1849,BUY,2026-02-09 19:48:09.501288
46,ACC_8,AAPL,99.04,29,BUY,2026-02-10 06:29:09.501296
47,ACC_12,AMZN,93.22,7,BUY,2026-02-09 08:53:09.501303
48,ACC_15,MSFT,101.45,100,SELL,2026-02-14 10:54:09.501311
49,ACC_11,AMZN,104.68,28,SELL,2026-02-08 19:39:09.501318
50,ACC_4,MSFT,95.07,91,BUY,2026-02-09 01:23:09.501325
51,ACC_18,TSLA,93.92,97,BUY,2026-02-14 09:20:09.501332
52,ACC_12,AMZN,94.44,68,SELL,2026-02-09 16:05:09.501339
53,ACC_17,TSLA,98.03,33,SELL,2026-02-12 18:51:09.501348
54,ACC_6,AMZN,104.87,47,BUY,2026-02-13 06:21:09.501356
55,ACC_13,TSLA,99.45,3,SELL,2026-02-11 19:36:09.501363
56,ACC_7,MSFT,101.77,98,SELL,2026-02-09 21:39:09.501371
57,ACC_5,AMZN,101.16,47,SELL,2026-02-11 15:29:09.501379
58,ACC_3,AAPL,93.13,86,SELL,2026-02-14 08:54:09.501386
59,ACC_15,AAPL,100.67,6,SELL,2026-02-13 19:34:09.501396
60,ACC_9,AAPL,99.67,10,SELL,2026-02-13 13:26:09.501403
61,ACC_18,MSFT,90.06,82,SELL,2026-02-13 23:21:09.501409
62,ACC_13,TSLA,97.43,67,SELL,2026-02-07 18:07:09.501417
63,ACC_10,AAPL,100.28,42,SELL,2026-02-09 03:54:09.501424
64,ACC_0,AMZN,109.84,27,SELL,2026-02-11 22:25:09.501432
65,ACC_12,AMZN,99.62,26,BUY,2026-02-07 23:56:09.501442
66,ACC_14,MSFT,105.52,78,BUY,2026-02-09 02:03:09.501449
67,ACC_6,AMZN,107.27,68,SELL,2026-02-11 07:48:09.501456
68,ACC_17,TSLA,96.77,67,SELL,2026-02-08 17:10:09.501462
69,ACC_7,MSFT,100.43,89,BUY,2026-02-12 21:08:09.501469
70,ACC_11,MSFT,105.77,64,BUY,2026-02-11 03:49:09.501476
71,ACC_2,AMZN,100.71,98,BUY,2026-02-10 05:50:09.501482
72,ACC_2,MSFT,101.08,80,SELL,2026-02-08 16:50:09.501489
73,ACC_7,AMZN,100.37,18,SELL,2026-02-10 02:32:09.501495
74,ACC_17,AMZN,102.13,1373,SELL,2026-02-10 03:02:09.501505
75,ACC_11,MSFT,104.0,99,SELL,2026-02-12 16:13:09.501512
76,ACC_1,TSLA,102.12,13,SELL,2026-02-11 12:31:09.501519
77,ACC_2,AMZN,99.86,43,SELL,2026-02-09 08:10:09.501528
78,ACC_10,MSFT,99.94,10,SELL,2026-02-10 08:08:09.501535
79,ACC_0,TSLA,91.85,34,BUY,2026-02-07 20:56:09.501542
80,ACC_0,TSLA,104.05,8,BUY,2026-02-09 07:01:09.501549
81,ACC_10,AAPL,97.53,77,BUY,2026-02-13 21:42:09.501555
82,ACC_6,AMZN,102.1,24,SELL,2026-02-12 05:50:09.501562
83,ACC_18,TSLA,101.12,59,BUY,2026-02-13 02:22:09.501568
84,ACC_0,AMZN,101.51,17,BUY,2026-02-14 03:41:09.501575
85,ACC_6,AMZN,105.96,67,SELL,2026-02-10 01:42:09.501583
86,ACC_17,AMZN,105.16,50,SELL,2026-02-07 23:51:09.501590
87,ACC_6,AMZN,90.5,61,SELL,2026-02-12 06:37:09.501598
88,ACC_6,AMZN,97.29,67,SELL,2026-02-12 02:09:09.501605
89,ACC_10,TSLA,103.74,69,SELL,2026-02-13 03:24:09.501612
90,ACC_16,TSLA,104.7,45,SELL,2026-02-11 12:29:09.501619
91,ACC_5,MSFT,103.75,26,BUY,2026-02-10 07:30:09.501648
92,ACC_6,MSFT,93.78,49,SELL,2026-02-12 16:56:09.501656
93,ACC_7,AAPL,94.9,63,BUY,2026-02-13 10:31:09.501664
94,ACC_6,MSFT,92.59,70,SELL,2026-02-14 01:08:09.501672
95,ACC_4,TSLA,102.44,8,BUY,2026-02-10 13:31:09.501677
96,ACC_9,AMZN,100.46,29,SELL,2026-02-12 00:25:09.501681
97,ACC_17,AAPL,93.78,77,SELL,2026-02-09 07:00:09.501686
98,ACC_7,AMZN,105.15,3,BUY,2026-02-14 06:03:09.501691
99,ACC_16,TSLA,99.7,76,BUY,2026-02-08 10:13:09.501695
100,ACC_19,AAPL,92.09,63,SELL,2026-02-14 10:47:09.501700
101,ACC_12,AMZN,107.97,45,SELL,2026-02-10 08:44:09.501704
102,ACC_14,TSLA,99.7,66,SELL,2026-02-12 14:14:09.501709
103,ACC_0,MSFT,107.21,2,BUY,2026-02-08 23:56:09.501714
104,ACC_2,AAPL,97.89,98,BUY,2026-02-14 04:39:09.501720
105,ACC_9,TSLA,107.17,6,BUY,2026-02-13 02:07:09.501725
106,ACC_15,AAPL,102.16,32,BUY,2026-02-10 16:59:09.501730
107,ACC_5,AAPL,101.84,54,BUY,2026-02-09 10:09:09.501735
108,ACC_11,MSFT,111.27,47,SELL,2026-02-10 13:23:09.501742
109,ACC_15,AMZN,94.76,34,SELL,2026-02-13 16:24:09.501750
110,ACC_19,TSLA,93.2,80,BUY,2026-02-14 00:59:09.501757
111,ACC_6,MSFT,108.54,72,BUY,2026-02-10 00:53:09.501764
112,ACC_1,AAPL,98.58,82,BUY,2026-02-07 16:59:09.501771
113,ACC_3,MSFT,100.76,1,BUY,2026-02-11 18:12:09.501780
114,ACC_5,TSLA,95.58,86,SELL,2026-02-13 19:36:09.501800
115,ACC_4,AAPL,106.62,40,SELL,2026-02-07 19:05:09.501808
116,ACC_7,TSLA,93.88,98,BUY,2026-02-08 02:57:09.501814
117,ACC_13,AMZN,96.04,2,BUY,2026-02-11 19:57:09.501818
118,ACC_8,AAPL,99.06,51,SELL,2026-02-12 05:40:09.501823
119,ACC_8,MSFT,104.2,54,SELL,2026-02-12 11:20:09.501829
120,ACC_0,AMZN,101.53,14,SELL,2026-02-13 06:57:09.501853
121,ACC_8,AAPL,104.32,69,BUY,2026-02-08 21:35:09.501868
122,ACC_7,MSFT,98.3,17,BUY,2026-02-13 23:21:09.501875
123,ACC_0,TSLA,98.76,79,SELL,2026-02-13 12:18:09.501883
124,ACC_9,AMZN,101.6,56,SELL,2026-02-09 11:32:09.501890
125,ACC_19,TSLA,99.56,63,BUY,2026-02-12 20:25:09.501895
126,ACC_3,AMZN,89.47,17,SELL,2026-02-12 20:45:09.501899
127,ACC_15,MSFT,98.24,77,SELL,2026-02-08 02:15:09.501904
128,ACC_17,TSLA,94.1,44,SELL,2026-02-12 22:58:09.501911
129,ACC_2,AAPL,105.89,22,SELL,2026-02-12 22:57:09.501920
130,ACC_10,MSFT,105.24,10,BUY,2026-02-14 12:48:09.501928
131,ACC_4,TSLA,101.07,12,BUY,2026-02-08 12:29:09.501933
132,ACC_10,MSFT,97.16,74,BUY,2026-02-14 01:35:09.501939
133,ACC_5,AMZN,90.77,82,BUY,2026-02-13 14:57:09.501945
134,ACC_13,MSFT,98.14,22,SELL,2026-02-09 03:26:09.501950
135,ACC_16,AMZN,100.65,49,SELL,2026-02-10 03:11:09.501955
136,ACC_12,AAPL,94.24,19,BUY,2026-02-10 09:31:09.501960
137,ACC_1,AMZN,98.34,56,BUY,2026-02-11 05:27:09.501966
138,ACC_3,MSFT,91.15,53,BUY,2026-02-08 00:48:09.501973
139,ACC_11,AAPL,107.69,1203,BUY,2026-02-11 09:56:09.501981
140,ACC_11,MSFT,97.43,72,SELL,2026-02-09 06:38:09.501988
141,ACC_12,TSLA,96.38,39,SELL,2026-02-10 17:14:09.501996
142,ACC_15,AMZN,101.88,28,SELL,2026-02-10 04:39:09.502003
143,ACC_17,AMZN,95.09,85,SELL,2026-02-09 04:24:09.502061
144,ACC_17,TSLA,102.43,100,SELL,2026-02-11 20:45:09.502108
145,ACC_1,AAPL,99.24,84,BUY,2026-02-09 10:27:09.502121
146,ACC_16,MSFT,100.68,47,SELL,2026-02-11 23:54:09.502126
147,ACC_11,AAPL,100.03,93,BUY,2026-02-10 19:20:09.502131
148,ACC_15,AMZN,94.18,53,BUY,2026-02-08 14:04:09.502135
149,ACC_6,TSLA,91.94,58,SELL,2026-02-11 19:26:09.502141
150,ACC_11,MSFT,100.17,35,SELL,2026-02-11 15:47:09.502145
151,ACC_1,AAPL,100.03,22,BUY,2026-02-08 17:37:09.502150
152,ACC_4,AAPL,100.31,20,SELL,2026-02-11 11:39:09.502156
153,ACC_14,AMZN,92.71,15,SELL,2026-02-10 23:43:09.502161
154,ACC_6,AMZN,107.63,87,SELL,2026-02-14 06:26:09.502166
155,ACC_4,AAPL,101.06,19,BUY,2026-02-12 05:14:09.502171
156,ACC_13,TSLA,105.77,30,SELL,2026-02-09 03:47:09.502176
157,ACC_18,MSFT,95.63,20,BUY,2026-02-11 17:22:09.502180
158,ACC_5,AMZN,103.3,42,BUY,2026-02-08 15:27:09.502185
159,ACC_9,TSLA,97.18,51,BUY,2026-02-09 13:04:09.502189
160,ACC_12,AAPL,95.66,50,SELL,2026-02-11 08:20:09.502194
161,ACC_8,TSLA,106.72,16,BUY,2026-02-12 04:47:09.502198
162,ACC_18,TSLA,107.65,66,SELL,2026-02-11 11:21:09.502202
163,ACC_11,AAPL,102.46,1599,BUY,2026-02-09 19:49:09.502208
164,ACC_14,MSFT,99.52,60,BUY,2026-02-10 09:37:09.502212
165,ACC_2,MSFT,92.75,28,SELL,2026-02-11 10:11:09.502217
166,ACC_18,AAPL,97.64,24,BUY,2026-02-11 18:11:09.502221
167,ACC_16,MSFT,97.68,25,BUY,2026-02-09 15:24:09.502226
168,ACC_16,TSLA,100.62,26,SELL,2026-02-13 11:51:09.502231
169,ACC_13,AMZN,99.04,54,SELL,2026-02-13 13:13:09.502235
170,ACC_9,MSFT,107.87,95,BUY,2026-02-07 19:10:09.502240
171,ACC_17,AMZN,102.75,23,BUY,2026-02-13 14:17:09.502244
172,ACC_8,TSLA,102.27,1,BUY,2026-02-13 02:56:09.502250
173,ACC_13,MSFT,109.53,13,BUY,2026-02-10 06:25:09.502256
174,ACC_10,TSLA,97.5,66,BUY,2026-02-14 08:06:09.502261
175,ACC_5,AMZN,91.95,29,SELL,2026-02-07 23:59:09.502266
176,ACC_15,TSLA,95.55,31,BUY,2026-02-07 21:03:09.502271
177,ACC_19,TSLA,104.22,74,BUY,2026-02-08 15:20:09.502276
178,ACC_9,MSFT,100.57,82,SELL,2026-02-10 10:12:09.502281
179,ACC_11,TSLA,101.13,80,BUY,2026-02-13 21:10:09.502286
180,ACC_4,TSLA,100.83,55,BUY,2026-02-08 15:20:09.502293
181,ACC_18,MSFT,110.07,44,SELL,2026-02-11 13:10:09.502299
182,ACC_2,TSLA,95.83,66,BUY,2026-02-07 20:52:09.502306
183,ACC_1,AAPL,101.07,21,SELL,2026-02-09 04:18:09.502327
184,ACC_10,TSLA,97.59,99,BUY,2026-02-10 01:44:09.502333
185,ACC_8,TSLA,107.23,24,BUY,2026-02-10 22:34:09.502341
186,ACC_7,AAPL,100.31,23,BUY,2026-02-14 08:54:09.502347
187,ACC_8,MSFT,99.6,74,SELL,2026-02-09 16:31:09.502352
188,ACC_9,AAPL,102.31,2,SELL,2026-02-09 14:33:09.502356
189,ACC_14,AAPL,103.52,27,BUY,2026-02-10 15:43:09.502363
190,ACC_8,MSFT,94.15,74,SELL,2026-02-09 06:54:09.502373
191,ACC_4,TSLA,101.66,1223,BUY,2026-02-10 15:55:09.502384
192,ACC_19,MSFT,92.07,88,SELL,2026-02-09 20:41:09.502391
193,ACC_13,AAPL,90.22,47,SELL,2026-02-10 12:24:09.502396
194,ACC_19,MSFT,104.32,907,BUY,2026-02-10 01:08:09.502401
195,ACC_19,TSLA,100.18,92,BUY,2026-02-11 14:48:09.502406
196,ACC_2,TSLA,99.41,55,SELL,2026-02-09 19:29:09.502411
197,ACC_9,MSFT,100.64,78,SELL,2026-02-10 14:01:09.502416
198,ACC_15,TSLA,94.42,66,BUY,2026-02-08 16:01:09.502420
199,ACC_8,AAPL,106.64,19,BUY,2026-02-11 10:32:09.502427
200,ACC_18,AMZN,101.97,72,BUY,2026-02-08 19:06:09.502435
201,ACC_3,AAPL,99.59,97,SELL,2026-02-10 09:07:09.502444
202,ACC_10,TSLA,95.44,31,SELL,2026-02-11 03:21:09.502450
203,ACC_1,MSFT,91.17,38,BUY,2026-02-14 09:33:09.502456
204,ACC_17,TSLA,104.81,60,BUY,2026-02-12 09:57:09.502463
205,ACC_2,AAPL,110.53,33,BUY,2026-02-13 10:08:09.502469
206,ACC_7,AMZN,99.92,50,BUY,2026-02-11 20:23:09.502477
207,ACC_13,AAPL,107.96,52,SELL,2026-02-13 08:51:09.502484
208,ACC_19,TSLA,108.54,53,SELL,2026-02-12 22:04:09.502491
209,ACC_3,AMZN,107.97,84,BUY,2026-02-11 09:24:09.502497
210,ACC_7,AMZN,106.43,4,BUY,2026-02-12 00:51:09.502502
211,ACC_7,TSLA,97.53,44,BUY,2026-02-14 09:13:09.502508
212,ACC_9,TSLA,97.53,41,BUY,2026-02-10 20:55:09.502513
213,ACC_2,TSLA,109.28,74,SELL,2026-02-09 21:57:09.502517
214,ACC_12,AMZN,94.36,12,BUY,2026-02-14 05:22:09.502522
215,ACC_4,TSLA,99.96,9,SELL,2026-02-10 22:15:09.502526
216,ACC_16,AAPL,94.64,99,BUY,2026-02-10 04:14:09.502531
217,ACC_10,AAPL,103.83,41,BUY,2026-02-09 15:45:09.502535
218,ACC_11,MSFT,103.02,86,BUY,2026-02-08 20:37:09.502540
219,ACC_4,AAPL,95.92,74,SELL,2026-02-10 11:57:09.502544
220,ACC_15,AMZN,105.44,18,SELL,2026-02-12 13:20:09.502549
221,ACC_13,AAPL,92.35,6,SELL,2026-02-09 21:03:09.502553
222,ACC_18,AAPL,92.12,98,BUY,2026-02-10 18:13:09.502558
223,ACC_14,AMZN,106.02,77,BUY,2026-02-08 10:09:09.502563
224,ACC_15,AMZN,95.98,35,BUY,2026-02-09 08:27:09.502567
225,ACC_0,AMZN,103.16,100,SELL,2026-02-13 14:23:09.502572
226,ACC_13,AAPL,97.53,23,SELL,2026-02-08 19:25:09.502577
227,ACC_18,MSFT,101.42,30,BUY,2026-02-12 04:06:09.502581
228,ACC_3,AAPL,98.89,87,SELL,2026-02-13 16:10:09.502585
229,ACC_1,AAPL,93.79,52,BUY,2026-02-11 03:12:09.502590
230,ACC_1,TSLA,95.94,50,SELL,2026-02-08 16:18:09.502596
231,ACC_14,TSLA,113.84,90,BUY,2026-02-13 11:35:09.502600
232,ACC_16,TSLA,89.71,16,SELL,2026-02-08 19:17:09.502605
233,ACC_2,MSFT,101.29,75,BUY,2026-02-10 09:20:09.502610
234,ACC_11,AMZN,99.32,49,SELL,2026-02-11 01:43:09.502615
235,ACC_6,TSLA,106.73,18,BUY,2026-02-13 18:11:09.502620
236,ACC_2,AMZN,101.89,82,BUY,2026-02-12 06:35:09.502624
237,ACC_12,AAPL,104.01,43,BUY,2026-02-14 05:25:09.502629
238,ACC_3,AAPL,100.59,41,SELL,2026-02-10 07:14:09.502633
239,ACC_8,AAPL,98.32,23,SELL,2026-02-08 13:50:09.502638
240,ACC_13,TSLA,97.43,82,SELL,2026-02-12 14:25:09.502643
241,ACC_12,MSFT,99.02,90,SELL,2026-02-08 15:54:09.502647
242,ACC_18,MSFT,99.75,86,BUY,2026-02-11 09:46:09.502652
243,ACC_14,AAPL,96.78,1569,BUY,2026-02-14 07:03:09.502657
244,ACC_4,AAPL,105.86,62,SELL,2026-02-09 10:33:09.502663
245,ACC_2,MSFT,104.9,67,BUY,2026-02-13 14:57:09.502668
246,ACC_5,TSLA,97.2,35,SELL,2026-02-08 10:51:09.502672
247,ACC_16,AAPL,98.14,75,BUY,2026-02-08 05:19:09.502678
248,ACC_18,AMZN,94.57,96,SELL,2026-02-13 19:56:09.502682
249,ACC_2,TSLA,98.9,63,SELL,2026-02-10 23:57:09.502687
250,ACC_1,AAPL,103.64,3,BUY,2026-02-10 12:04:09.502694
251,ACC_5,MSFT,102.18,81,SELL,2026-02-10 19:10:09.502702
252,ACC_18,AAPL,97.94,64,SELL,2026-02-08 20:27:09.502709
253,ACC_2,AAPL,94.96,52,SELL,2026-02-14 11:21:09.502715
254,ACC_4,MSFT,107.62,81,BUY,2026-02-09 03:47:09.502720
255,ACC_13,MSFT,97.76,35,SELL,2026-02-10 18:06:09.502725
256,ACC_16,AMZN,100.3,74,SELL,2026-02-09 01:56:09.502730
257,ACC_17,TSLA,110.56,73,BUY,2026-02-12 08:31:09.502735
258,ACC_19,AAPL,104.09,70,SELL,2026-02-14 14:41:09.502741
259,ACC_4,AAPL,105.6,91,BUY,2026-02-10 17:43:09.502746
260,ACC_0,TSLA,103.48,41,SELL,2026-02-09 12:23:09.502751
261,ACC_8,MSFT,101.81,35,SELL,2026-02-10 02:41:09.502755
262,ACC_14,AAPL,95.17,52,BUY,2026-02-09 10:55:09.502760
263,ACC_6,TSLA,97.25,17,BUY,2026-02-13 14:55:09.502764
264,ACC_0,AMZN,99.44,21,SELL,2026-02-10 21:53:09.502771
265,ACC_6,AMZN,107.06,3,SELL,2026-02-13 14:56:09.502778
266,ACC_17,AMZN,91.83,39,BUY,2026-02-09 22:17:09.502786
267,ACC_16,TSLA,101.6,66,BUY,2026-02-09 00:40:09.502794
268,ACC_13,TSLA,100.05,5,BUY,2026-02-13 17:36:09.502801
269,ACC_13,AAPL,106.6,83,BUY,2026-02-14 11:23:09.502810
270,ACC_11,AMZN,96.3,6,SELL,2026-02-10 13:29:09.502818
271,ACC_9,AAPL,99.28,89,SELL,2026-02-11 01:46:09.502824
272,ACC_16,TSLA,93.39,44,BUY,2026-02-07 16:48:09.502832
273,ACC_15,AMZN,98.77,16,BUY,2026-02-08 11:18:09.502840
274,ACC_4,MSFT,93.84,23,SELL,2026-02-12 14:44:09.502850
275,ACC_0,MSFT,92.57,93,BUY,2026-02-14 14:58:09.502857
276,ACC_0,MSFT,110.77,44,BUY,2026-02-10 13:11:09.502864
277,ACC_14,TSLA,89.75,78,BUY,2026-02-07 18:56:09.502871
278,ACC_18,TSLA,112.61,70,BUY,2026-02-09 15:50:09.502878
279,ACC_2,AAPL,99.1,15,SELL,2026-02-10 03:51:09.502885
280,ACC_4,TSLA,100.01,99,BUY,2026-02-08 21:25:09.502893
281,ACC_8,AAPL,103.06,5,BUY,2026-02-10 15:18:09.502900
282,ACC_5,AAPL,100.02,14,BUY,2026-02-09 14:05:09.502905
283,ACC_2,AMZN,96.19,47,BUY,2026-02-10 14:33:09.502909
284,ACC_12,MSFT,100.75,44,SELL,2026-02-13 12:21:09.502913
285,ACC_19,MSFT,91.4,17,BUY,2026-02-11 00:07:09.502918
286,ACC_8,TSLA,94.68,55,BUY,2026-02-12 22:02:09.502922
287,ACC_4,TSLA,97.7,52,SELL,2026-02-09 23:55:09.502927
288,ACC_7,TSLA,94.95,33,BUY,2026-02-13 09:36:09.502931
289,ACC_19,AMZN,96.44,1,SELL,2026-02-13 20:22:09.502937
290,ACC_16,AAPL,101.26,39,SELL,2026-02-14 04:10:09.502942
291,ACC_14,TSLA,98.95,57,SELL,2026-02-13 10:37:09.502946
292,ACC_4,AAPL,99.1,65,SELL,2026-02-11 06:03:09.502951
293,ACC_9,AMZN,100.87,30,BUY,2026-02-14 14:59:09.502955
294,ACC_15,AAPL,94.4,84,SELL,2026-02-10 12:36:09.502960
295,ACC_17,TSLA,104.43,32,SELL,2026-02-13 11:58:09.502965
296,ACC_19,MSFT,92.39,76,SELL,2026-02-12 12:56:09.502970
297,ACC_4,TSLA,101.17,21,BUY,2026-02-12 05:20:09.502975
298,ACC_19,MSFT,99.91,1662,BUY,2026-02-08 15:29:09.502980
299,ACC_6,TSLA,100.85,64,BUY,2026-02-14 12:11:09.502985
300,ACC_10,AAPL,91.65,69,BUY,2026-02-12 08:18:09.502990
301,ACC_7,AMZN,95.76,10,SELL,2026-02-13 12:59:09.502995
302,ACC_14,TSLA,100.2,937,BUY,2026-02-10 12:47:09.503000
303,ACC_19,TSLA,101.37,7,BUY,2026-02-10 11:06:09.503005
304,ACC_7,AAPL,95.77,16,SELL,2026-02-11 12:31:09.503010
305,ACC_10,MSFT,105.08,47,BUY,2026-02-13 19:06:09.503014
306,ACC_5,AMZN,99.21,90,BUY,2026-02-10 18:25:09.503019
307,ACC_6,TSLA,102.65,56,BUY,2026-02-14 00:34:09.503024
308,ACC_3,AMZN,95.14,95,SELL,2026-02-13 07:44:09.503031
309,ACC_12,AAPL,101.72,40,SELL,2026-02-12 01:57:09.503037
310,ACC_6,AMZN,106.63,91,BUY,2026-02-09 05:53:09.503041
311,ACC_4,MSFT,96.57,97,BUY,2026-02-13 15:53:09.503046
312,ACC_13,MSFT,94.1,32,SELL,2026-02-08 06:13:09.503051
313,ACC_19,AMZN,96.43,92,SELL,2026-02-11 23:33:09.503055
314,ACC_8,MSFT,99.14,27,SELL,2026-02-12 17:49:09.503060
315,ACC_5,MSFT,103.08,32,BUY,2026-02-13 14:10:09.503064
316,ACC_5,MSFT,92.09,44,SELL,2026-02-08 00:36:09.503068
317,ACC_3,AAPL,95.49,2,SELL,2026-02-13 11:57:09.503073
318,ACC_16,AMZN,96.98,11,BUY,2026-02-09 10:41:09.503078
319,ACC_4,AMZN,94.58,40,BUY,2026-02-07 22:49:09.503083
320,ACC_16,AAPL,98.3,21,SELL,2026-02-08 08:46:09.503087
321,ACC_15,AMZN,106.55,91,SELL,2026-02-14 07:13:09.503094
322,ACC_8,AAPL,102.0,99,BUY,2026-02-13 01:31:09.503099
323,ACC_10,AAPL,103.71,100,BUY,2026-02-09 00:57:09.503103
324,ACC_1,MSFT,102.53,23,BUY,2026-02-09 07:58:09.503108
325,ACC_10,AAPL,95.48,98,SELL,2026-02-11 01:37:09.503112
326,ACC_2,TSLA,107.87,77,SELL,2026-02-12 15:10:09.503117
327,ACC_10,AMZN,97.87,26,BUY,2026-02-13 07:08:09.503121
328,ACC_9,AMZN,95.11,25,SELL,2026-02-12 23:36:09.503127
329,ACC_17,MSFT,97.49,10,SELL,2026-02-10 05:07:09.503131
330,ACC_8,AMZN,96.05,42,SELL,2026-02-12 02:35:09.503136
331,ACC_10,AMZN,102.32,50,SELL,2026-02-08 10:32:09.503141
332,ACC_18,AMZN,108.9,43,BUY,2026-02-12 01:22:09.503145
333,ACC_9,AMZN,93.13,46,SELL,2026-02-08 07:58:09.503149
334,ACC_8,MSFT,99.64,57,BUY,2026-02-09 22:58:09.503154
335,ACC_8,AMZN,96.91,15,SELL,2026-02-14 00:20:09.503158
336,ACC_11,TSLA,100.8,64,SELL,2026-02-12 13:19:09.503163
337,ACC_2,MSFT,106.88,29,SELL,2026-02-09 10:10:09.503168
338,ACC_4,MSFT,99.76,38,BUY,2026-02-13 06:28:09.503172
339,ACC_11,AMZN,96.63,24,BUY,2026-02-14 05:22:09.503177
340,ACC_0,AAPL,86.78,97,BUY,2026-02-09 22:08:09.503181
341,ACC_6,MSFT,108.85,59,BUY,2026-02-11 12:11:09.503186
342,ACC_7,MSFT,98.13,19,BUY,2026-02-12 05:45:09.503191
343,ACC_1,MSFT,97.65,37,SELL,2026-02-09 02:33:09.503195
344,ACC_11,AAPL,105.86,32,SELL,2026-02-12 07:40:09.503200
345,ACC_1,AAPL,98.11,97,SELL,2026-02-10 01:26:09.503204
346,ACC_19,AMZN,95.54,69,SELL,2026-02-09 23:39:09.503209
347,ACC_11,TSLA,93.17,91,BUY,2026-02-09 05:50:09.503214
348,ACC_8,TSLA,108.17,54,SELL,2026-02-13 02:56:09.503219
349,ACC_18,MSFT,97.03,66,SELL,2026-02-14 07:48:09.503224
350,ACC_5,MSFT,97.48,59,BUY,2026-02-09 18:00:09.503228
351,ACC_10,AAPL,99.47,1,BUY,2026-02-09 19:35:09.503233
352,ACC_19,AMZN,99.93,31,BUY,2026-02-13 02:22:09.503237
353,ACC_19,AAPL,91.09,41,BUY,2026-02-13 00:54:09.503243
354,ACC_0,AAPL,101.27,21,SELL,2026-02-10 05:29:09.503247
355,ACC_7,MSFT,96.76,97,SELL,2026-02-14 08:59:09.503253
356,ACC_12,TSLA,108.16,83,SELL,2026-02-12 20:08:09.503257
357,ACC_4,AAPL,105.99,94,SELL,2026-02-09 11:08:09.503262
358,ACC_19,TSLA,105.62,57,BUY,2026-02-09 03:14:09.503266
359,ACC_10,AAPL,94.08,37,SELL,2026-02-09 04:12:09.503272
360,ACC_11,AAPL,107.19,17,BUY,2026-02-10 05:14:09.503276
361,ACC_14,TSLA,95.23,51,SELL,2026-02-07 22:14:09.503281
362,ACC_4,AAPL,94.72,83,BUY,2026-02-12 05:12:09.503286
363,ACC_15,AAPL,100.3,7,BUY,2026-02-11 03:12:09.503290
364,ACC_9,MSFT,92.71,41,SELL,2026-02-14 10:53:09.503295
365,ACC_18,TSLA,96.09,31,BUY,2026-02-09 18:05:09.503299
366,ACC_12,MSFT,103.0,25,SELL,2026-02-13 23:12:09.503304
367,ACC_16,AAPL,103.85,71,SELL,2026-02-12 02:05:09.503310
368,ACC_13,MSFT,97.7,6,BUY,2026-02-11 06:32:09.503314
369,ACC_7,AAPL,101.52,39,BUY,2026-02-07 18:14:09.503319
370,ACC_11,AAPL,99.75,98,SELL,2026-02-10 12:51:09.503324
371,ACC_0,TSLA,101.62,77,BUY,2026-02-11 00:26:09.503329
372,ACC_18,AAPL,104.07,100,SELL,2026-02-10 10:57:09.503334
373,ACC_16,TSLA,109.89,91,BUY,2026-02-12 17:56:09.503339
374,ACC_19,TSLA,92.19,3,BUY,2026-02-14 07:38:09.503343
375,ACC_11,AAPL,107.93,3,SELL,2026-02-10 11:09:09.503348
376,ACC_9,TSLA,87.71,11,BUY,2026-02-11 11:58:09.503352
377,ACC_7,TSLA,99.58,64,SELL,2026-02-08 11:42:09.503357
378,ACC_12,AAPL,101.39,1972,SELL,2026-02-08 11:53:09.503362
379,ACC_9,TSLA,97.51,10,BUY,2026-02-12 00:29:09.503367
380,ACC_9,TSLA,91.43,98,SELL,2026-02-12 17:30:09.503371
381,ACC_16,AAPL,98.59,8,BUY,2026-02-13 17:09:09.503376
382,ACC_15,AMZN,84.94,21,SELL,2026-02-14 03:29:09.503380
383,ACC_1,MSFT,94.98,8,BUY,2026-02-11 05:54:09.503385
384,ACC_17,AAPL,98.96,52,SELL,2026-02-10 00:43:09.503389
385,ACC_14,TSLA,98.1,57,BUY,2026-02-08 17:40:09.503395
386,ACC_2,TSLA,98.53,43,SELL,2026-02-12 15:52:09.503401
387,ACC_6,TSLA,100.54,82,SELL,2026-02-14 03:43:09.503406
388,ACC_13,MSFT,102.58,40,SELL,2026-02-10 13:31:09.503411
389,ACC_17,TSLA,102.71,1640,BUY,2026-02-10 06:25:09.503416
390,ACC_5,AMZN,99.79,16,BUY,2026-02-09 22:58:09.503420
391,ACC_6,MSFT,106.01,38,SELL,2026-02-09 02:53:09.503425
392,ACC_4,AMZN,97.47,89,BUY,2026-02-12 01:49:09.503429
393,ACC_14,AAPL,100.36,95,BUY,2026-02-07 17:43:09.503434
394,ACC_19,MSFT,108.66,3,SELL,2026-02-08 20:00:09.503438
395,ACC_10,MSFT,105.6,76,BUY,2026-02-09 20:50:09.503443
396,ACC_0,TSLA,97.48,30,SELL,2026-02-11 17:39:09.503448
397,ACC_13,AAPL,96.56,51,SELL,2026-02-07 19:02:09.503452
398,ACC_6,MSFT,97.57,35,BUY,2026-02-08 03:14:09.503457
399,ACC_19,AMZN,95.67,83,BUY,2026-02-14 13:29:09.503461
400,ACC_13,MSFT,101.64,91,SELL,2026-02-09 20:44:09.503465
401,ACC_13,AMZN,111.06,56,SELL,2026-02-14 02:27:09.503471
402,ACC_14,AAPL,90.61,77,BUY,2026-02-09 18:02:09.503476
403,ACC_1,MSFT,108.75,3,SELL,2026-02-07 17:52:09.503480
404,ACC_14,TSLA,95.3,43,SELL,2026-02-11 17:54:09.503485
405,ACC_9,AMZN,97.59,77,BUY,2026-02-10 05:26:09.503489
406,ACC_12,AAPL,99.21,87,BUY,2026-02-13 13:50:09.503497
407,ACC_18,MSFT,102.6,62,BUY,2026-02-08 19:58:09.503506
408,ACC_17,AMZN,98.68,87,SELL,2026-02-12 08:39:09.503514
409,ACC_5,MSFT,97.5,94,BUY,2026-02-11 06:18:09.503521
410,ACC_7,MSFT,94.25,63,BUY,2026-02-10 20:46:09.503529
411,ACC_8,MSFT,98.27,33,SELL,2026-02-08 13:07:09.503535
412,ACC_19,MSFT,95.88,77,BUY,2026-02-10 11:11:09.503539
413,ACC_8,TSLA,102.86,43,SELL,2026-02-08 13:45:09.503544
414,ACC_14,AMZN,99.8,8,BUY,2026-02-07 18:17:09.503549
415,ACC_5,MSFT,93.06,25,SELL,2026-02-09 21:18:09.503553
416,ACC_3,AAPL,100.22,29,SELL,2026-02-09 22:13:09.503558
417,ACC_3,AMZN,106.77,70,BUY,2026-02-08 03:51:09.503563
418,ACC_4,MSFT,100.52,74,BUY,2026-02-13 16:13:09.503567
419,ACC_1,AAPL,99.38,43,SELL,2026-02-12 10:38:09.503572
420,ACC_4,AMZN,96.58,14,SELL,2026-02-09 23:50:09.503576
421,ACC_0,MSFT,99.68,12,BUY,2026-02-09 15:46:09.503581
422,ACC_5,TSLA,106.76,87,BUY,2026-02-09 00:57:09.503585
423,ACC_14,MSFT,95.55,24,SELL,2026-02-12 15:50:09.503590
424,ACC_0,MSFT,93.35,37,SELL,2026-02-12 01:41:09.503594
425,ACC_4,MSFT,96.35,13,BUY,2026-02-09 12:08:09.503600
426,ACC_4,AAPL,106.94,44,BUY,2026-02-08 16:20:09.503605
427,ACC_16,TSLA,100.76,20,SELL,2026-02-12 22:49:09.503610
428,ACC_10,TSLA,104.85,88,BUY,2026-02-14 10:09:09.503614
429,ACC_6,AAPL,94.08,16,BUY,2026-02-10 01:41:09.503619
430,ACC_14,TSLA,94.09,98,BUY,2026-02-10 07:13:09.503623
431,ACC_2,AAPL,103.27,85,SELL,2026-02-09 10:04:09.503627
432,ACC_3,AAPL,98.43,75,BUY,2026-02-09 18:12:09.503632
433,ACC_0,AAPL,101.02,95,SELL,2026-02-14 04:48:09.503636
434,ACC_17,TSLA,103.33,1,BUY,2026-02-08 00:07:09.503641
435,ACC_16,AMZN,101.39,17,SELL,2026-02-11 03:51:09.503647
436,ACC_12,MSFT,88.42,86,SELL,2026-02-08 18:39:09.503651
437,ACC_10,AAPL,97.2,36,BUY,2026-02-09 03:32:09.503656
438,ACC_8,AAPL,92.91,88,BUY,2026-02-13 11:41:09.503660
439,ACC_19,AAPL,93.11,86,SELL,2026-02-13 20:47:09.503665
440,ACC_12,TSLA,96.54,54,SELL,2026-02-08 11:42:09.503669
441,ACC_11,MSFT,100.66,15,BUY,2026-02-09 12:16:09.503674
442,ACC_18,AMZN,94.73,24,BUY,2026-02-12 12:27:09.503678
443,ACC_12,AMZN,103.86,23,BUY,2026-02-09 12:25:09.503683
444,ACC_15,AAPL,92.96,11,BUY,2026-02-11 22:02:09.503688
445,ACC_10,AAPL,101.25,17,BUY,2026-02-13 14:56:09.503697
446,ACC_19,MSFT,104.87,57,SELL,2026-02-14 05:43:09.503702
447,ACC_2,TSLA,105.65,51,BUY,2026-02-10 19:36:09.503707
448,ACC_3,TSLA,97.63,27,BUY,2026-02-12 15:59:09.503712
449,ACC_18,AMZN,105.81,83,SELL,2026-02-11 01:38:09.503717
450,ACC_4,TSLA,98.89,32,SELL,2026-02-12 08:03:09.503721
451,ACC_12,AAPL,101.22,92,BUY,2026-02-13 03:17:09.503726
452,ACC_4,MSFT,103.34,66,SELL,2026-02-09 08:45:09.503730
453,ACC_7,AMZN,81.28,74,BUY,2026-02-10 09:54:09.503735
454,ACC_0,AMZN,107.06,42,BUY,2026-02-08 10:11:09.503739
455,ACC_15,AAPL,99.22,52,SELL,2026-02-10 04:06:09.503744
456,ACC_15,AAPL,94.12,16,SELL,2026-02-07 21:51:09.503749
457,ACC_16,TSLA,102.93,20,SELL,2026-02-12 01:26:09.503755
458,ACC_14,MSFT,106.4,11,SELL,2026-02-09 10:41:09.503759
459,ACC_9,AAPL,99.86,69,SELL,2026-02-12 07:43:09.503764
460,ACC_11,AAPL,90.98,83,SELL,2026-02-12 16:17:09.503768
461,ACC_0,AAPL,106.91,18,SELL,2026-02-13 02:13:09.503773
462,ACC_1,AAPL,100.34,1399,BUY,2026-02-13 12:10:09.503779
463,ACC_9,TSLA,109.73,22,BUY,2026-02-10 09:34:09.503783
464,ACC_14,TSLA,101.22,36,SELL,2026-02-08 08:12:09.503789
465,ACC_0,AAPL,99.57,20,BUY,2026-02-10 04:28:09.503793
466,ACC_17,AAPL,93.14,46,SELL,2026-02-09 18:16:09.503798
467,ACC_15,AAPL,98.79,1,BUY,2026-02-08 03:41:09.503803
468,ACC_12,MSFT,101.53,37,SELL,2026-02-08 15:14:09.503807
469,ACC_6,TSLA,99.46,37,BUY,2026-02-12 04:56:09.503812
470,ACC_6,TSLA,91.97,33,SELL,2026-02-14 09:11:09.503816
471,ACC_9,TSLA,96.06,64,SELL,2026-02-09 07:46:09.503821
472,ACC_7,AMZN,101.2,14,BUY,2026-02-12 00:42:09.503825
473,ACC_15,AAPL,92.75,11,BUY,2026-02-12 10:28:09.503830
474,ACC_2,AAPL,104.13,51,SELL,2026-02-12 11:29:09.503835
475,ACC_6,AAPL,113.32,36,SELL,2026-02-13 12:57:09.503839
476,ACC_19,MSFT,99.95,85,SELL,2026-02-10 12:46:09.503844
477,ACC_0,AAPL,104.85,96,BUY,2026-02-09 13:14:09.503848
478,ACC_7,TSLA,100.21,26,SELL,2026-02-14 10:01:09.503853
479,ACC_0,TSLA,97.73,65,SELL,2026-02-10 15:44:09.503858
480,ACC_10,TSLA,96.42,1030,SELL,2026-02-08 00:30:09.503863
481,ACC_8,AAPL,100.17,66,SELL,2026-02-10 03:14:09.503867
482,ACC_10,AAPL,108.67,23,BUY,2026-02-10 12:21:09.503872
483,ACC_11,TSLA,102.64,8,SELL,2026-02-07 19:52:09.503876
484,ACC_15,MSFT,99.75,82,BUY,2026-02-12 05:11:09.503882
485,ACC_4,MSFT,101.43,45,BUY,2026-02-09 16:24:09.503887
486,ACC_19,AMZN,99.65,64,BUY,2026-02-10 01:28:09.503892
487,ACC_5,AMZN,103.05,74,BUY,2026-02-11 13:32:09.503897
488,ACC_3,MSFT,93.77,97,SELL,2026-02-12 12:33:09.503902
489,ACC_3,AAPL,117.12,84,BUY,2026-02-07 23:22:09.503906
490,ACC_0,AAPL,107.03,42,SELL,2026-02-12 16:48:09.503911
491,ACC_1,MSFT,91.83,1580,BUY,2026-02-12 03:17:09.503916
492,ACC_18,AAPL,97.18,19,SELL,2026-02-08 00:45:09.503920
493,ACC_7,AAPL,94.95,71,BUY,2026-02-11 02:52:09.503925
494,ACC_6,AMZN,96.85,37,SELL,2026-02-09 20:44:09.504134
495,ACC_3,AMZN,95.31,79,SELL,2026-02-12 15:21:09.504146
496,ACC_17,AMZN,111.48,57,SELL,2026-02-10 10:59:09.504154
497,ACC_16,TSLA,98.73,37,BUY,2026-02-13 10:20:09.504159
498,ACC_5,MSFT,99.07,1,SELL,2026-02-13 09:27:09.504165
499,ACC_6,AAPL,102.89,31,BUY,2026-02-08 20:15:09.504173
500,ACC_10,TSLA,98.94,66,SELL,2026-02-09 12:11:09.504177
501,ACC_6,TSLA,98.53,85,SELL,2026-02-10 06:36:09.504182
502,ACC_5,MSFT,105.67,91,SELL,2026-02-08 15:14:09.504187
503,ACC_12,AAPL,93.65,89,BUY,2026-02-07 21:14:09.504194
504,ACC_1,MSFT,101.31,84,SELL,2026-02-10 03:54:09.504198
505,ACC_8,MSFT,107.07,26,BUY,2026-02-08 18:31:09.504203
506,ACC_16,AMZN,97.62,19,BUY,2026-02-12 02:38:09.504207
507,ACC_9,AAPL,102.76,18,BUY,2026-02-11 14:50:09.504212
508,ACC_14,TSLA,107.31,18,SELL,2026-02-08 09:05:09.504217
509,ACC_18,MSFT,99.05,30,BUY,2026-02-12 05:08:09.504221
510,ACC_1,MSFT,105.87,90,SELL,2026-02-09 03:57:09.504227
511,ACC_14,MSFT,94.27,82,BUY,2026-02-12 11:41:09.504232
512,ACC_9,AAPL,97.49,7,SELL,2026-02-12 21:29:09.504236
513,ACC_0,TSLA,101.12,13,BUY,2026-02-13 06:35:09.504241
514,ACC_18,MSFT,112.23,90,BUY,2026-02-10 01:47:09.504245
515,ACC_5,MSFT,97.78,72,SELL,2026-02-10 03:56:09.504250
516,ACC_14,TSLA,103.33,96,SELL,2026-02-09 06:55:09.504255
517,ACC_11,TSLA,99.42,17,SELL,2026-02-10 08:33:09.504260
518,ACC_9,AMZN,101.26,64,SELL,2026-02-11 10:11:09.504264
519,ACC_3,AAPL,103.29,31,SELL,2026-02-10 10:27:09.504268
520,ACC_2,MSFT,105.65,47,SELL,2026-02-12 12:11:09.504276
521,ACC_17,TSLA,94.66,76,BUY,2026-02-08 09:44:09.504282
522,ACC_1,AAPL,94.8,76,SELL,2026-02-08 10:42:09.504287
523,ACC_6,TSLA,93.69,82,SELL,2026-02-14 11:33:09.504293
524,ACC_4,AAPL,89.52,33,BUY,2026-02-13 23:59:09.504298
525,ACC_5,TSLA,98.06,30,BUY,2026-02-12 03:15:09.504303
526,ACC_9,MSFT,103.03,72,BUY,2026-02-12 06:20:09.504307
527,ACC_1,TSLA,95.38,68,BUY,2026-02-10 02:50:09.504311
528,ACC_7,TSLA,99.46,43,SELL,2026-02-12 19:19:09.504316
529,ACC_1,AMZN,107.53,73,SELL,2026-02-12 17:40:09.504321
530,ACC_2,TSLA,90.6,65,BUY,2026-02-13 08:10:09.504328
531,ACC_5,TSLA,98.53,91,SELL,2026-02-14 14:19:09.504333
532,ACC_11,AMZN,101.79,45,SELL,2026-02-08 08:10:09.504338
533,ACC_18,AAPL,101.68,8,BUY,2026-02-13 12:43:09.504342
534,ACC_6,MSFT,98.15,100,BUY,2026-02-08 20:52:09.504347
535,ACC_11,TSLA,99.54,49,BUY,2026-02-12 11:40:09.504352
536,ACC_10,MSFT,99.54,48,BUY,2026-02-09 17:54:09.504357
537,ACC_6,AMZN,101.1,92,SELL,2026-02-13 02:38:09.504361
538,ACC_19,AMZN,100.55,54,SELL,2026-02-09 08:59:09.504366
539,ACC_3,MSFT,105.12,87,SELL,2026-02-09 22:24:09.504371
540,ACC_16,AAPL,100.36,100,SELL,2026-02-12 18:55:09.504375
541,ACC_0,AAPL,102.48,1598,SELL,2026-02-08 03:13:09.504380
542,ACC_9,AMZN,92.3,88,BUY,2026-02-13 14:13:09.504386
543,ACC_8,AMZN,95.94,37,BUY,2026-02-08 14:25:09.504391
544,ACC_13,AMZN,99.31,89,BUY,2026-02-14 10:54:09.504396
545,ACC_19,MSFT,107.39,98,SELL,2026-02-10 21:05:09.504401
546,ACC_15,AAPL,103.29,28,SELL,2026-02-09 01:54:09.504405
547,ACC_9,AMZN,92.05,38,SELL,2026-02-11 15:31:09.504410
548,ACC_2,MSFT,93.82,90,SELL,2026-02-09 09:49:09.504415
549,ACC_0,MSFT,97.49,51,SELL,2026-02-10 00:12:09.504419
550,ACC_15,TSLA,100.05,45,SELL,2026-02-14 08:05:09.504424
551,ACC_0,MSFT,104.48,34,BUY,2026-02-14 09:02:09.504428
552,ACC_8,AMZN,99.91,36,SELL,2026-02-12 00:31:09.504433
553,ACC_17,AAPL,106.56,70,SELL,2026-02-13 03:19:09.504437
554,ACC_2,AMZN,106.46,33,BUY,2026-02-10 19:42:09.504442
555,ACC_6,AMZN,113.97,86,BUY,2026-02-13 08:03:09.504447
556,ACC_4,TSLA,95.96,88,SELL,2026-02-08 22:08:09.504451
557,ACC_18,TSLA,98.99,79,BUY,2026-02-11 15:38:09.504456
558,ACC_3,TSLA,89.25,42,BUY,2026-02-14 09:33:09.504460
559,ACC_5,AMZN,108.4,97,SELL,2026-02-09 07:35:09.504465
560,ACC_12,AAPL,97.01,94,SELL,2026-02-14 10:27:09.504470
561,ACC_13,AAPL,99.58,93,SELL,2026-02-11 01:05:09.504474
562,ACC_11,AAPL,102.11,40,SELL,2026-02-10 21:29:09.504480
563,ACC_14,AAPL,92.28,38,BUY,2026-02-13 09:23:09.504486
564,ACC_14,MSFT,95.27,50,SELL,2026-02-13 20:14:09.504491
565,ACC_4,AMZN,91.19,70,SELL,2026-02-10 08:40:09.504496
566,ACC_9,MSFT,93.89,71,BUY,2026-02-10 06:25:09.504501
567,ACC_3,TSLA,108.83,92,SELL,2026-02-11 23:24:09.504505
568,ACC_4,MSFT,95.68,16,BUY,2026-02-14 03:48:09.504510
569,ACC_12,AAPL,96.69,98,SELL,2026-02-09 05:53:09.504514
570,ACC_6,TSLA,101.26,23,BUY,2026-02-12 04:56:09.504519
571,ACC_18,AAPL,99.6,99,BUY,2026-02-13 17:40:09.504524
572,ACC_4,MSFT,102.96,29,BUY,2026-02-13 04:22:09.504528
573,ACC_5,AMZN,102.28,100,SELL,2026-02-11 07:30:09.504534
574,ACC_5,AAPL,108.17,50,SELL,2026-02-13 23:35:09.504539
575,ACC_6,MSFT,106.65,54,BUY,2026-02-08 21:54:09.504544
576,ACC_9,AAPL,102.78,75,BUY,2026-02-13 02:41:09.504548
577,ACC_18,AAPL,100.04,55,SELL,2026-02-08 21:21:09.504553
578,ACC_7,AMZN,97.8,52,BUY,2026-02-09 02:10:09.504557
579,ACC_16,TSLA,90.35,51,SELL,2026-02-10 03:03:09.504562
580,ACC_9,AAPL,103.34,44,SELL,2026-02-09 06:08:09.504568
581,ACC_8,TSLA,99.76,59,BUY,2026-02-09 00:08:09.504573
582,ACC_19,AAPL,96.65,8,SELL,2026-02-12 09:20:09.504578
583,ACC_13,TSLA,96.7,27,SELL,2026-02-08 01:51:09.504582
584,ACC_2,AMZN,109.65,96,SELL,2026-02-14 08:02:09.504587
585,ACC_16,AMZN,89.2,14,SELL,2026-02-12 17:06:09.504591
586,ACC_3,AMZN,102.59,94,BUY,2026-02-08 09:45:09.504597
587,ACC_1,MSFT,93.38,98,SELL,2026-02-08 10:27:09.504602
588,ACC_8,AAPL,95.22,43,SELL,2026-02-13 20:55:09.504606
589,ACC_15,AAPL,105.63,42,SELL,2026-02-13 12:28:09.504611
590,ACC_9,TSLA,111.52,54,SELL,2026-02-10 08:58:09.504615
591,ACC_16,MSFT,98.02,77,SELL,2026-02-09 10:49:09.504620
592,ACC_10,TSLA,102.69,43,SELL,2026-02-11 19:26:09.504624
593,ACC_16,AMZN,104.74,23,BUY,2026-02-14 09:23:09.504648
594,ACC_6,AMZN,97.36,62,BUY,2026-02-11 18:38:09.504656
595,ACC_16,AAPL,93.2,100,SELL,2026-02-11 20:54:09.504664
596,ACC_19,TSLA,96.59,7,BUY,2026-02-12 18:24:09.504672
597,ACC_12,AMZN,99.02,50,SELL,2026-02-13 23:46:09.504679
598,ACC_9,AMZN,106.24,34,BUY,2026-02-14 02:44:09.504687
599,ACC_8,MSFT,103.97,92,SELL,2026-02-10 20:21:09.504694
600,ACC_7,TSLA,111.88,95,SELL,2026-02-13 21:47:09.504702
601,ACC_0,AAPL,93.1,9,SELL,2026-02-12 11:13:09.504711
602,ACC_14,MSFT,103.29,3,BUY,2026-02-08 23:51:09.504719
603,ACC_1,AMZN,100.64,88,BUY,2026-02-14 12:09:09.504728
604,ACC_17,TSLA,105.62,3,SELL,2026-02-10 02:55:09.504735
605,ACC_15,AAPL,104.85,42,BUY,2026-02-08 12:10:09.504742
606,ACC_4,MSFT,97.0,49,SELL,2026-02-08 19:38:09.504750
607,ACC_4,TSLA,93.29,62,BUY,2026-02-07 19:39:09.504757
608,ACC_7,AAPL,104.08,96,BUY,2026-02-12 22:28:09.504777
609,ACC_17,TSLA,105.22,30,BUY,2026-02-07 22:47:09.504784
610,ACC_14,TSLA,90.22,28,BUY,2026-02-12 13:58:09.504792
611,ACC_4,TSLA,99.95,24,SELL,2026-02-14 00:33:09.504800
612,ACC_16,TSLA,96.39,53,BUY,2026-02-14 03:45:09.504808
613,ACC_0,TSLA,104.73,56,SELL,2026-02-12 19:07:09.504816
614,ACC_7,TSLA,110.57,45,SELL,2026-02-13 20:59:09.504825
615,ACC_12,MSFT,105.4,39,BUY,2026-02-13 22:46:09.504832
616,ACC_18,AMZN,108.99,15,SELL,2026-02-12 22:23:09.504839
617,ACC_7,AMZN,102.57,25,BUY,2026-02-08 03:25:09.504847
618,ACC_18,TSLA,99.02,70,SELL,2026-02-09 05:47:09.504854
619,ACC_2,TSLA,95.44,39,SELL,2026-02-13 03:12:09.504861
620,ACC_2,AMZN,101.12,64,SELL,2026-02-09 20:46:09.504867
621,ACC_1,AMZN,98.13,44,SELL,2026-02-13 16:15:09.504872
622,ACC_14,AAPL,100.8,3,BUY,2026-02-08 07:08:09.504876
623,ACC_19,TSLA,98.69,18,BUY,2026-02-13 23:51:09.504881
624,ACC_6,MSFT,98.56,31,BUY,2026-02-11 16:31:09.504886
625,ACC_12,AMZN,95.88,55,SELL,2026-02-09 07:16:09.504890
626,ACC_7,TSLA,96.82,17,BUY,2026-02-07 17:46:09.504897
627,ACC_18,AAPL,86.42,59,BUY,2026-02-11 21:48:09.504902
628,ACC_9,AAPL,105.96,43,SELL,2026-02-13 07:28:09.504908
629,ACC_17,MSFT,95.3,91,SELL,2026-02-11 04:54:09.504913
630,ACC_10,MSFT,106.77,49,BUY,2026-02-13 05:22:09.504917
631,ACC_13,AMZN,92.22,97,BUY,2026-02-12 21:51:09.504922
632,ACC_0,AMZN,104.11,95,SELL,2026-02-09 12:23:09.504927
633,ACC_5,MSFT,105.24,36,BUY,2026-02-14 08:33:09.504932
634,ACC_17,AMZN,93.13,84,BUY,2026-02-12 21:54:09.504937
635,ACC_12,AMZN,102.09,28,SELL,2026-02-09 14:58:09.504942
636,ACC_18,AAPL,89.07,10,SELL,2026-02-10 01:39:09.504947
637,ACC_12,TSLA,96.67,43,SELL,2026-02-13 12:24:09.504953
638,ACC_17,TSLA,105.18,59,BUY,2026-02-13 23:20:09.504958
639,ACC_5,AAPL,97.47,10,SELL,2026-02-14 13:18:09.504963
640,ACC_7,AAPL,102.45,24,BUY,2026-02-11 19:08:09.504969
641,ACC_14,TSLA,97.9,16,SELL,2026-02-11 23:37:09.504973
642,ACC_7,MSFT,96.12,12,BUY,2026-02-14 03:14:09.504978
643,ACC_15,MSFT,104.98,88,SELL,2026-02-08 12:28:09.504982
644,ACC_2,AAPL,90.64,10,SELL,2026-02-08 18:47:09.504987
645,ACC_11,AMZN,106.15,84,SELL,2026-02-10 07:45:09.504992
646,ACC_14,MSFT,98.17,93,SELL,2026-02-10 21:46:09.504997
647,ACC_7,MSFT,105.6,41,SELL,2026-02-09 23:33:09.505001
648,ACC_5,TSLA,101.12,3,SELL,2026-02-09 14:45:09.505006
649,ACC_7,AMZN,93.04,93,BUY,2026-02-09 13:45:09.505011
650,ACC_10,MSFT,94.28,6,BUY,2026-02-10 20:41:09.505016
651,ACC_7,MSFT,97.95,72,SELL,2026-02-13 00:42:09.505020
652,ACC_3,MSFT,93.84,47,SELL,2026-02-12 17:42:09.505025
653,ACC_11,TSLA,101.42,48,SELL,2026-02-08 17:19:09.505029
654,ACC_17,MSFT,110.3,5,SELL,2026-02-08 14:53:09.505034
655,ACC_5,AAPL,94.05,75,SELL,2026-02-09 06:39:09.505039
656,ACC_6,AAPL,98.89,27,BUY,2026-02-12 05:17:09.505043
657,ACC_1,TSLA,97.2,65,BUY,2026-02-10 23:03:09.505048
658,ACC_7,AAPL,92.66,70,BUY,2026-02-13 07:51:09.505052
659,ACC_13,TSLA,88.3,43,BUY,2026-02-14 11:47:09.505060
660,ACC_17,MSFT,92.54,14,BUY,2026-02-10 18:22:09.505065
661,ACC_12,AAPL,85.44,1513,SELL,2026-02-10 16:43:09.505070
662,ACC_10,AAPL,96.31,39,SELL,2026-02-11 21:24:09.505075
663,ACC_19,MSFT,103.79,96,BUY,2026-02-08 19:12:09.505080
664,ACC_8,AMZN,92.6,60,SELL,2026-02-12 22:50:09.505085
665,ACC_5,TSLA,109.5,75,BUY,2026-02-09 05:41:09.505089
666,ACC_19,MSFT,99.82,37,SELL,2026-02-08 16:47:09.505094
667,ACC_0,TSLA,102.05,99,SELL,2026-02-10 15:08:09.505098
668,ACC_19,AAPL,94.7,8,BUY,2026-02-13 22:49:09.505103
669,ACC_5,MSFT,102.67,73,SELL,2026-02-12 13:06:09.505108
670,ACC_7,MSFT,103.05,88,BUY,2026-02-11 09:01:09.505112
671,ACC_7,MSFT,92.02,48,BUY,2026-02-09 11:21:09.505116
672,ACC_10,AAPL,92.85,57,BUY,2026-02-14 12:42:09.505121
673,ACC_16,TSLA,92.68,9,SELL,2026-02-14 10:20:09.505129
674,ACC_7,TSLA,105.92,79,BUY,2026-02-08 17:23:09.505134
675,ACC_18,AMZN,101.67,89,BUY,2026-02-11 18:03:09.505138
676,ACC_0,AMZN,101.43,80,BUY,2026-02-08 23:16:09.505143
677,ACC_6,AMZN,103.35,70,SELL,2026-02-11 13:33:09.505147
678,ACC_1,MSFT,101.87,96,BUY,2026-02-10 23:11:09.505152
679,ACC_15,AMZN,99.73,93,SELL,2026-02-13 17:10:09.505157
680,ACC_19,MSFT,111.11,79,BUY,2026-02-08 10:02:09.505162
681,ACC_1,AAPL,91.87,78,SELL,2026-02-08 01:23:09.505167
682,ACC_8,MSFT,106.55,21,BUY,2026-02-14 13:11:09.505171
683,ACC_4,MSFT,106.17,21,BUY,2026-02-11 17:19:09.505176
684,ACC_7,MSFT,101.31,9,BUY,2026-02-13 13:13:09.505181
685,ACC_8,AAPL,109.77,46,BUY,2026-02-11 08:42:09.505185
686,ACC_2,MSFT,103.52,47,SELL,2026-02-14 09:52:09.505190
687,ACC_7,AMZN,101.49,74,SELL,2026-02-13 00:06:09.505195
688,ACC_1,AMZN,98.87,32,BUY,2026-02-10 18:00:09.505199
689,ACC_9,AAPL,101.32,100,BUY,2026-02-08 23:55:09.505205
690,ACC_18,MSFT,89.65,71,BUY,2026-02-07 17:49:09.505211
691,ACC_11,AMZN,105.23,57,BUY,2026-02-10 12:05:09.505216
692,ACC_14,TSLA,97.46,21,SELL,2026-02-12 09:13:09.505220
693,ACC_11,MSFT,95.01,68,SELL,2026-02-10 22:37:09.505225
694,ACC_1,TSLA,105.73,15,BUY,2026-02-08 12:23:09.505230
695,ACC_3,AMZN,90.94,11,BUY,2026-02-11 03:23:09.505234
696,ACC_18,TSLA,109.29,4,BUY,2026-02-09 09:23:09.505239
697,ACC_4,AAPL,99.11,77,BUY,2026-02-08 19:28:09.505243
698,ACC_10,AMZN,105.8,18,BUY,2026-02-11 19:57:09.505249
699,ACC_0,TSLA,103.76,73,SELL,2026-02-09 23:00:09.505255
700,ACC_1,MSFT,95.7,25,BUY,2026-02-14 08:52:09.505260
701,ACC_2,TSLA,100.5,24,BUY,2026-02-10 01:41:09.505265
702,ACC_3,AAPL,101.95,51,BUY,2026-02-09 09:10:09.505269
703,ACC_14,AMZN,92.94,61,SELL,2026-02-12 13:52:09.505274
704,ACC_10,AAPL,101.64,4,SELL,2026-02-13 06:59:09.505279
705,ACC_9,AAPL,97.59,72,BUY,2026-02-08 11:39:09.505283
706,ACC_10,AMZN,99.01,91,SELL,2026-02-13 20:23:09.505288
707,ACC_0,AMZN,88.09,53,BUY,2026-02-09 12:29:09.505292
708,ACC_9,MSFT,93.1,72,BUY,2026-02-09 18:30:09.505296
709,ACC_5,TSLA,102.59,95,SELL,2026-02-11 15:34:09.505301
710,ACC_5,AMZN,100.85,64,SELL,2026-02-09 00:59:09.505305
711,ACC_17,AAPL,104.61,68,BUY,2026-02-12 10:32:09.505310
712,ACC_12,TSLA,84.06,7,BUY,2026-02-12 13:47:09.505314
713,ACC_11,MSFT,102.87,26,BUY,2026-02-09 01:57:09.505319
714,ACC_19,TSLA,92.55,28,SELL,2026-02-10 21:28:09.505323
715,ACC_5,AAPL,104.68,88,SELL,2026-02-09 05:48:09.505328
716,ACC_14,AAPL,94.29,96,BUY,2026-02-08 09:36:09.505332
717,ACC_2,AMZN,101.86,38,BUY,2026-02-14 09:40:09.505336
718,ACC_3,MSFT,97.0,87,SELL,2026-02-09 16:38:09.505348
719,ACC_7,AAPL,97.31,10,BUY,2026-02-10 13:53:09.505352
720,ACC_19,TSLA,98.48,46,SELL,2026-02-11 03:14:09.505357
721,ACC_13,AMZN,102.51,12,SELL,2026-02-08 10:14:09.505361
722,ACC_15,AAPL,98.37,82,SELL,2026-02-08 09:49:09.505366
723,ACC_0,MSFT,93.58,47,SELL,2026-02-11 11:29:09.505370
724,ACC_19,AAPL,96.19,87,BUY,2026-02-10 19:27:09.505374
725,ACC_6,MSFT,88.68,68,SELL,2026-02-13 19:48:09.505379
726,ACC_3,AMZN,93.15,55,SELL,2026-02-13 10:58:09.505383
727,ACC_12,AMZN,98.4,93,SELL,2026-02-10 10:29:09.505387
728,ACC_6,AAPL,106.87,67,SELL,2026-02-13 10:36:09.505392
729,ACC_12,AMZN,99.91,91,BUY,2026-02-10 14:34:09.505396
730,ACC_12,AMZN,104.06,63,BUY,2026-02-14 12:05:09.505401
731,ACC_15,AAPL,102.95,8,BUY,2026-02-11 05:59:09.505405
732,ACC_5,MSFT,96.25,97,BUY,2026-02-09 00:35:09.505409
733,ACC_5,MSFT,106.92,1232,SELL,2026-02-12 18:01:09.505414
734,ACC_13,TSLA,98.58,46,BUY,2026-02-08 02:43:09.505419
735,ACC_18,MSFT,101.48,40,BUY,2026-02-07 23:36:09.505423
736,ACC_1,MSFT,99.07,81,SELL,2026-02-08 19:47:09.505428
737,ACC_6,MSFT,105.49,50,SELL,2026-02-08 10:15:09.505433
738,ACC_10,MSFT,108.79,21,SELL,2026-02-11 07:32:09.505438
739,ACC_5,AAPL,104.48,30,SELL,2026-02-13 10:48:09.505442
740,ACC_3,AMZN,109.35,7,BUY,2026-02-12 09:40:09.505446
741,ACC_18,TSLA,103.3,1448,BUY,2026-02-12 03:36:09.505452
742,ACC_11,AAPL,96.68,85,BUY,2026-02-08 22:37:09.505456
743,ACC_7,MSFT,94.63,22,SELL,2026-02-10 07:44:09.505461
744,ACC_15,TSLA,100.55,43,BUY,2026-02-13 13:57:09.505465
745,ACC_18,MSFT,96.43,35,SELL,2026-02-11 00:18:09.505469
746,ACC_8,AAPL,91.31,37,BUY,2026-02-11 20:45:09.505474
747,ACC_4,AAPL,99.75,13,SELL,2026-02-09 10:54:09.505478
748,ACC_7,AMZN,106.39,35,SELL,2026-02-08 20:22:09.505482
749,ACC_4,AAPL,103.52,82,BUY,2026-02-08 11:17:09.505487
750,ACC_13,AAPL,93.6,85,SELL,2026-02-14 10:39:09.505491
751,ACC_16,AAPL,102.42,56,BUY,2026-02-12 03:42:09.505496
752,ACC_19,AAPL,108.43,37,SELL,2026-02-09 22:13:09.505500
753,ACC_0,MSFT,97.26,24,SELL,2026-02-11 02:11:09.505504
754,ACC_0,AMZN,111.78,80,SELL,2026-02-12 16:15:09.505510
755,ACC_19,TSLA,98.66,73,BUY,2026-02-11 19:40:09.505515
756,ACC_9,AAPL,102.97,59,SELL,2026-02-12 18:18:09.505519
757,ACC_15,AAPL,107.96,7,BUY,2026-02-11 23:37:09.505525
758,ACC_19,MSFT,102.08,52,SELL,2026-02-08 21:20:09.505529
759,ACC_10,AAPL,99.64,90,BUY,2026-02-09 01:48:09.505534
760,ACC_10,MSFT,105.66,24,SELL,2026-02-09 16:13:09.505538
761,ACC_8,TSLA,96.48,17,BUY,2026-02-13 01:19:09.505546
762,ACC_17,AMZN,95.48,1,SELL,2026-02-08 12:56:09.505550
763,ACC_15,AAPL,96.3,6,SELL,2026-02-08 11:37:09.505556
764,ACC_3,TSLA,98.54,7,SELL,2026-02-07 17:37:09.505560
765,ACC_15,AMZN,91.4,61,SELL,2026-02-14 12:38:09.505565
766,ACC_11,TSLA,95.73,16,SELL,2026-02-14 11:41:09.505569
767,ACC_2,AAPL,101.21,79,SELL,2026-02-12 06:25:09.505574
768,ACC_13,TSLA,99.06,31,BUY,2026-02-11 14:58:09.505579
769,ACC_2,TSLA,97.17,79,SELL,2026-02-08 15:33:09.505583
770,ACC_1,AMZN,105.3,100,BUY,2026-02-14 12:16:09.505588
771,ACC_11,TSLA,105.71,3,BUY,2026-02-12 07:53:09.505593
772,ACC_0,AAPL,102.7,37,SELL,2026-02-12 14:26:09.505598
773,ACC_16,TSLA,100.1,17,SELL,2026-02-11 03:25:09.505602
774,ACC_2,TSLA,97.66,30,SELL,2026-02-09 23:48:09.505607
775,ACC_19,AMZN,100.97,77,BUY,2026-02-09 00:05:09.505611
776,ACC_7,MSFT,99.96,92,SELL,2026-02-08 08:42:09.505616
777,ACC_19,AMZN,88.96,29,BUY,2026-02-08 18:05:09.505621
778,ACC_5,MSFT,103.05,65,SELL,2026-02-09 21:05:09.505626
779,ACC_14,MSFT,93.15,54,BUY,2026-02-13 00:44:09.505630
780,ACC_14,MSFT,104.11,5,BUY,2026-02-11 05:51:09.505635
781,ACC_7,AMZN,101.01,55,BUY,2026-02-11 19:09:09.505639
782,ACC_1,AAPL,95.98,82,SELL,2026-02-12 02:12:09.505643
783,ACC_11,AAPL,106.72,16,SELL,2026-02-08 23:19:09.505647
784,ACC_12,TSLA,96.0,46,BUY,2026-02-10 01:38:09.505653
785,ACC_2,MSFT,100.61,32,SELL,2026-02-13 08:36:09.505657
786,ACC_11,AMZN,104.43,11,BUY,2026-02-09 18:44:09.505662
787,ACC_2,MSFT,104.66,81,BUY,2026-02-13 09:27:09.505667
788,ACC_8,AAPL,97.31,45,BUY,2026-02-12 08:46:09.505671
789,ACC_11,AMZN,97.81,6,SELL,2026-02-09 22:28:09.505676
790,ACC_5,MSFT,101.67,3,BUY,2026-02-13 16:07:09.505680
791,ACC_4,AMZN,96.57,42,BUY,2026-02-12 13:46:09.505685
792,ACC_9,AMZN,103.22,3,BUY,2026-02-11 17:40:09.505689
793,ACC_5,AMZN,100.62,41,SELL,2026-02-13 12:21:09.505693
794,ACC_15,TSLA,102.08,40,BUY,2026-02-12 04:49:09.505698
795,ACC_15,MSFT,88.66,43,BUY,2026-02-10 10:47:09.505702
796,ACC_17,AAPL,106.06,30,SELL,2026-02-09 06:46:09.505707
797,ACC_8,TSLA,105.15,13,BUY,2026-02-08 16:11:09.505712
798,ACC_19,AAPL,103.56,7,SELL,2026-02-09 08:01:09.505716
799,ACC_5,AAPL,95.42,77,SELL,2026-02-12 16:34:09.505720
800,ACC_11,TSLA,100.86,14,BUY,2026-02-12 13:51:09.505725
801,ACC_15,MSFT,97.76,56,SELL,2026-02-07 22:56:09.505729
802,ACC_7,MSFT,100.09,42,BUY,2026-02-08 03:47:09.505733
803,ACC_9,MSFT,96.01,17,BUY,2026-02-08 17:50:09.505738
804,ACC_6,MSFT,101.36,100,BUY,2026-02-08 20:30:09.505742
805,ACC_18,AMZN,103.73,59,SELL,2026-02-09 04:39:09.505746
806,ACC_5,MSFT,98.86,26,SELL,2026-02-11 14:38:09.505750
807,ACC_4,MSFT,96.48,75,BUY,2026-02-12 10:46:09.505754
808,ACC_16,MSFT,105.35,72,BUY,2026-02-10 02:12:09.505759
809,ACC_9,AAPL,102.73,24,BUY,2026-02-09 00:56:09.505763
810,ACC_1,MSFT,90.18,36,BUY,2026-02-08 22:57:09.505767
811,ACC_6,TSLA,101.01,1,BUY,2026-02-10 00:33:09.505772
812,ACC_12,AAPL,104.4,88,BUY,2026-02-13 00:23:09.505776
813,ACC_3,TSLA,100.45,30,SELL,2026-02-09 22:19:09.505780
814,ACC_12,AMZN,106.91,96,SELL,2026-02-14 01:21:09.505785
815,ACC_0,TSLA,99.21,42,SELL,2026-02-14 15:10:09.505790
816,ACC_6,MSFT,97.65,63,SELL,2026-02-10 07:33:09.505795
817,ACC_0,AMZN,84.98,1,BUY,2026-02-08 16:42:09.505800
818,ACC_4,AMZN,100.86,76,BUY,2026-02-13 03:45:09.505805
819,ACC_12,AAPL,100.44,55,BUY,2026-02-12 16:40:09.505810
820,ACC_17,AAPL,87.06,98,BUY,2026-02-10 09:36:09.505815
821,ACC_3,MSFT,100.74,65,SELL,2026-02-09 05:46:09.505819
822,ACC_18,AAPL,102.18,1,BUY,2026-02-09 22:55:09.505824
823,ACC_0,TSLA,98.53,43,SELL,2026-02-09 03:12:09.505829
824,ACC_17,AAPL,97.37,28,SELL,2026-02-09 07:32:09.505833
825,ACC_15,AAPL,102.88,63,BUY,2026-02-12 14:33:09.505838
826,ACC_0,MSFT,92.94,88,BUY,2026-02-08 05:43:09.505842
827,ACC_19,AAPL,93.12,26,BUY,2026-02-10 19:28:09.505848
828,ACC_5,MSFT,94.64,66,SELL,2026-02-14 00:15:09.505852
829,ACC_15,MSFT,96.4,98,SELL,2026-02-14 04:42:09.505857
830,ACC_14,MSFT,99.96,35,SELL,2026-02-11 15:16:09.505862
831,ACC_13,TSLA,92.18,41,SELL,2026-02-11 13:22:09.505866
832,ACC_18,AMZN,112.3,10,BUY,2026-02-08 05:51:09.505871
833,ACC_9,AMZN,96.37,1,SELL,2026-02-07 17:04:09.505875
834,ACC_17,AAPL,102.42,25,BUY,2026-02-11 13:23:09.505880
835,ACC_2,AAPL,107.69,34,SELL,2026-02-13 17:36:09.505885
836,ACC_10,MSFT,102.99,37,SELL,2026-02-09 15:56:09.505889
837,ACC_1,AMZN,103.28,80,SELL,2026-02-10 18:05:09.505893
838,ACC_9,TSLA,97.39,38,BUY,2026-02-10 02:50:09.505898
839,ACC_13,AMZN,94.94,75,BUY,2026-02-08 12:05:09.505902
840,ACC_4,MSFT,99.65,2,BUY,2026-02-09 09:07:09.505906
841,ACC_7,MSFT,97.34,86,SELL,2026-02-10 14:05:09.505911
842,ACC_10,MSFT,101.2,12,BUY,2026-02-12 15:43:09.505915
843,ACC_19,MSFT,102.76,79,SELL,2026-02-11 13:52:09.505919
844,ACC_2,AAPL,105.57,72,BUY,2026-02-09 05:14:09.505924
845,ACC_15,AAPL,102.9,83,BUY,2026-02-08 07:54:09.505928
846,ACC_19,MSFT,108.98,42,BUY,2026-02-12 11:06:09.505933
847,ACC_18,MSFT,103.63,40,BUY,2026-02-09 00:01:09.505937
848,ACC_4,AAPL,103.9,95,BUY,2026-02-12 13:43:09.505941
849,ACC_7,AMZN,111.14,41,BUY,2026-02-14 07:30:09.505946
850,ACC_14,TSLA,98.83,62,SELL,2026-02-14 14:04:09.505950
851,ACC_0,MSFT,109.91,35,BUY,2026-02-08 13:11:09.505954
852,ACC_0,AAPL,91.2,67,BUY,2026-02-07 18:40:09.505959
853,ACC_5,AAPL,111.73,86,BUY,2026-02-10 03:59:09.505963
854,ACC_7,AMZN,93.59,30,SELL,2026-02-08 12:10:09.505968
855,ACC_5,TSLA,101.62,41,SELL,2026-02-09 19:24:09.505973
856,ACC_13,TSLA,95.66,39,SELL,2026-02-13 15:38:09.505977
857,ACC_17,TSLA,101.0,10,BUY,2026-02-12 17:06:09.505981
858,ACC_15,AMZN,91.28,96,BUY,2026-02-14 05:45:09.505986
859,ACC_16,AMZN,95.07,24,BUY,2026-02-09 13:24:09.505990
860,ACC_0,AMZN,99.4,87,BUY,2026-02-12 17:28:09.505994
861,ACC_15,AAPL,99.55,70,SELL,2026-02-09 22:36:09.506001
862,ACC_4,AMZN,108.32,48,BUY,2026-02-12 05:00:09.506005
863,ACC_12,MSFT,107.73,70,BUY,2026-02-12 05:33:09.506010
864,ACC_16,MSFT,101.89,1354,SELL,2026-02-11 17:22:09.506015
865,ACC_4,TSLA,103.86,64,SELL,2026-02-13 22:19:09.506019
866,ACC_4,TSLA,95.47,83,SELL,2026-02-09 03:10:09.506024
867,ACC_4,TSLA,110.83,60,SELL,2026-02-11 05:04:09.506028
868,ACC_3,TSLA,100.68,30,SELL,2026-02-13 10:35:09.506032
869,ACC_10,AAPL,97.78,48,BUY,2026-02-09 02:09:09.506037
870,ACC_1,AAPL,102.4,84,BUY,2026-02-09 07:35:09.506046
871,ACC_12,AAPL,99.45,2,SELL,2026-02-14 04:31:09.506051
872,ACC_9,AMZN,101.85,29,SELL,2026-02-10 02:34:09.506056
873,ACC_10,MSFT,100.9,32,BUY,2026-02-08 01:01:09.506060
874,ACC_10,TSLA,98.56,97,SELL,2026-02-09 21:19:09.506066
875,ACC_4,AMZN,100.02,945,SELL,2026-02-11 21:13:09.506071
876,ACC_19,MSFT,94.55,86,BUY,2026-02-14 06:33:09.506075
877,ACC_12,AAPL,99.08,12,SELL,2026-02-11 21:17:09.506080
878,ACC_2,AMZN,97.66,43,SELL,2026-02-09 16:38:09.506084
879,ACC_16,AMZN,100.18,75,BUY,2026-02-08 02:07:09.506089
880,ACC_14,TSLA,100.03,10,BUY,2026-02-10 23:53:09.506093
881,ACC_4,AAPL,103.92,93,SELL,2026-02-10 14:27:09.506098
882,ACC_4,AMZN,100.17,37,BUY,2026-02-08 13:21:09.506103
883,ACC_19,TSLA,100.52,88,BUY,2026-02-12 05:24:09.506108
884,ACC_6,AMZN,99.06,66,SELL,2026-02-11 01:23:09.506113
885,ACC_5,MSFT,103.08,44,SELL,2026-02-09 04:00:09.506117
886,ACC_19,AAPL,102.83,68,SELL,2026-02-13 19:51:09.506122
887,ACC_15,TSLA,100.94,55,BUY,2026-02-11 23:44:09.506126
888,ACC_8,AMZN,104.24,83,BUY,2026-02-10 18:55:09.506131
889,ACC_10,MSFT,98.06,62,SELL,2026-02-13 17:20:09.506135
890,ACC_10,AAPL,100.24,73,SELL,2026-02-12 03:43:09.506141
891,ACC_10,MSFT,95.86,90,SELL,2026-02-09 16:17:09.506147
892,ACC_17,AAPL,100.19,2,SELL,2026-02-14 01:23:09.506151
893,ACC_10,AAPL,105.46,87,SELL,2026-02-11 10:13:09.506157
894,ACC_11,MSFT,103.83,44,BUY,2026-02-12 01:17:09.506161
895,ACC_2,AMZN,97.27,5,SELL,2026-02-13 11:26:09.506165
896,ACC_18,TSLA,101.1,71,SELL,2026-02-10 15:33:09.506170
897,ACC_19,AAPL,102.15,77,BUY,2026-02-07 23:34:09.506174
898,ACC_8,MSFT,97.1,53,BUY,2026-02-13 11:34:09.506178
899,ACC_13,TSLA,106.36,90,BUY,2026-02-09 19:21:09.506183
900,ACC_3,MSFT,96.81,30,BUY,2026-02-11 09:16:09.506187
901,ACC_18,MSFT,92.45,28,BUY,2026-02-12 07:58:09.506192
902,ACC_9,TSLA,96.3,60,BUY,2026-02-13 10:40:09.506196
903,ACC_13,TSLA,97.21,50,BUY,2026-02-10 17:59:09.506201
904,ACC_15,MSFT,104.41,88,BUY,2026-02-09 12:46:09.506205
905,ACC_9,MSFT,102.0,17,BUY,2026-02-14 05:26:09.506209
906,ACC_16,TSLA,98.97,86,BUY,2026-02-14 04:53:09.506214
907,ACC_18,MSFT,97.16,19,SELL,2026-02-08 04:50:09.506218
908,ACC_10,AAPL,106.42,48,BUY,2026-02-11 07:01:09.506223
909,ACC_1,TSLA,91.94,82,BUY,2026-02-11 08:56:09.506227
910,ACC_18,AAPL,99.13,61,SELL,2026-02-13 17:17:09.506231
911,ACC_2,AMZN,99.17,14,BUY,2026-02-14 04:46:09.506236
912,ACC_13,AAPL,104.26,80,SELL,2026-02-12 23:55:09.506240
913,ACC_11,AAPL,94.98,1,BUY,2026-02-11 10:19:09.506246
914,ACC_0,MSFT,100.16,68,SELL,2026-02-11 17:21:09.506250
915,ACC_11,AMZN,100.99,79,SELL,2026-02-13 04:13:09.506255
916,ACC_17,AAPL,95.82,14,BUY,2026-02-11 20:21:09.506260
917,ACC_15,AMZN,105.01,7,BUY,2026-02-10 11:45:09.506264
918,ACC_0,AMZN,108.82,4,SELL,2026-02-12 01:13:09.506269
919,ACC_5,TSLA,104.62,69,BUY,2026-02-11 19:49:09.506273
920,ACC_12,AMZN,99.75,77,BUY,2026-02-10 15:55:09.506277
921,ACC_9,AMZN,96.46,58,BUY,2026-02-13 02:23:09.506282
922,ACC_8,MSFT,100.31,85,BUY,2026-02-10 12:31:09.506287
923,ACC_0,AMZN,95.37,28,BUY,2026-02-09 18:23:09.506291
924,ACC_16,AAPL,98.56,73,BUY,2026-02-12 07:16:09.506295
925,ACC_15,TSLA,100.64,74,SELL,2026-02-14 10:47:09.506300
926,ACC_9,AMZN,99.21,42,SELL,2026-02-09 20:22:09.506305
927,ACC_1,AAPL,94.47,65,BUY,2026-02-13 05:12:09.506309
928,ACC_13,TSLA,103.26,16,BUY,2026-02-13 09:10:09.506313
929,ACC_18,MSFT,93.85,61,SELL,2026-02-09 08:19:09.506318
930,ACC_12,MSFT,99.41,30,SELL,2026-02-13 01:17:09.506322
931,ACC_12,TSLA,93.66,12,SELL,2026-02-08 06:23:09.506326
932,ACC_10,AAPL,102.55,25,BUY,2026-02-11 09:46:09.506332
933,ACC_14,AMZN,99.28,735,SELL,2026-02-10 21:26:09.506337
934,ACC_18,TSLA,97.42,30,BUY,2026-02-09 03:58:09.506342
935,ACC_3,TSLA,96.33,86,SELL,2026-02-12 03:43:09.506346
936,ACC_1,AAPL,87.85,28,SELL,2026-02-12 10:18:09.506350
937,ACC_15,AAPL,101.97,86,SELL,2026-02-10 13:28:09.506355
938,ACC_10,MSFT,96.42,61,BUY,2026-02-11 10:01:09.506359
939,ACC_4,AAPL,105.15,5,BUY,2026-02-12 21:09:09.506364
940,ACC_16,TSLA,94.11,16,SELL,2026-02-13 02:15:09.506368
941,ACC_17,TSLA,96.35,16,SELL,2026-02-13 19:46:09.506372
942,ACC_5,AMZN,100.29,40,BUY,2026-02-13 00:32:09.506377
943,ACC_10,AAPL,92.93,72,BUY,2026-02-14 06:42:09.506381
944,ACC_7,MSFT,94.53,1496,SELL,2026-02-11 01:53:09.506386
945,ACC_9,MSFT,102.49,51,SELL,2026-02-14 01:07:09.506392
946,ACC_11,AMZN,96.08,57,BUY,2026-02-08 10:14:09.506396
947,ACC_7,AAPL,101.53,75,BUY,2026-02-11 14:45:09.506400
948,ACC_3,AAPL,94.42,57,SELL,2026-02-13 00:42:09.506405
949,ACC_17,TSLA,103.37,1,BUY,2026-02-14 04:25:09.506409
950,ACC_6,TSLA,106.37,65,BUY,2026-02-12 21:33:09.506413
951,ACC_19,AAPL,90.25,28,BUY,2026-02-14 14:01:09.506417
952,ACC_12,MSFT,98.53,21,BUY,2026-02-09 13:34:09.506423
953,ACC_17,MSFT,99.0,19,SELL,2026-02-13 15:32:09.506429
954,ACC_15,AAPL,91.9,41,SELL,2026-02-09 00:56:09.506434
955,ACC_2,AAPL,96.77,57,BUY,2026-02-11 19:52:09.506439
956,ACC_7,AMZN,104.09,22,SELL,2026-02-14 07:55:09.506443
957,ACC_15,AMZN,101.0,57,SELL,2026-02-12 02:23:09.506448
958,ACC_17,MSFT,94.13,20,SELL,2026-02-10 14:27:09.506452
959,ACC_11,TSLA,102.67,69,BUY,2026-02-14 07:33:09.506457
960,ACC_16,TSLA,98.62,97,BUY,2026-02-13 15:02:09.506461
961,ACC_8,TSLA,107.79,49,SELL,2026-02-11 19:29:09.506466
962,ACC_14,AAPL,104.13,80,SELL,2026-02-07 22:23:09.506470
963,ACC_14,MSFT,96.91,848,SELL,2026-02-08 20:36:09.506475
964,ACC_9,MSFT,106.35,30,BUY,2026-02-08 17:04:09.506480
965,ACC_14,MSFT,97.39,51,SELL,2026-02-12 05:01:09.506484
966,ACC_3,MSFT,98.64,1967,SELL,2026-02-13 20:09:09.506489
967,ACC_13,AMZN,98.76,94,SELL,2026-02-08 03:18:09.506494
968,ACC_19,AAPL,98.97,78,BUY,2026-02-10 01:26:09.506498
969,ACC_2,MSFT,90.87,32,BUY,2026-02-14 12:14:09.506502
970,ACC_16,AAPL,90.49,84,SELL,2026-02-08 21:54:09.506507
971,ACC_14,AAPL,94.05,67,BUY,2026-02-10 08:43:09.506512
972,ACC_10,AAPL,112.81,62,BUY,2026-02-12 09:45:09.506517
973,ACC_0,TSLA,112.01,56,SELL,2026-02-09 15:54:09.506523
974,ACC_2,AMZN,92.78,52,BUY,2026-02-12 18:40:09.506527
975,ACC_3,MSFT,98.64,44,SELL,2026-02-09 03:27:09.506532
976,ACC_9,AAPL,97.31,4,SELL,2026-02-14 09:23:09.506536
977,ACC_2,AMZN,100.77,86,BUY,2026-02-11 20:46:09.506541
978,ACC_18,AMZN,104.73,62,BUY,2026-02-09 19:29:09.506546
979,ACC_1,MSFT,100.09,22,BUY,2026-02-13 20:18:09.506550
980,ACC_18,TSLA,105.32,4,SELL,2026-02-09 00:52:09.506555
981,ACC_12,AAPL,105.63,22,BUY,2026-02-10 13:26:09.506559
982,ACC_1,AMZN,96.61,39,SELL,2026-02-14 03:17:09.506563
983,ACC_9,AAPL,109.09,48,BUY,2026-02-12 08:30:09.506568
984,ACC_14,MSFT,95.96,89,BUY,2026-02-13 11:39:09.506572
985,ACC_12,TSLA,98.16,27,BUY,2026-02-14 13:57:09.506577
986,ACC_4,MSFT,102.74,9,SELL,2026-02-10 22:08:09.506581
987,ACC_4,AAPL,101.19,58,SELL,2026-02-12 02:53:09.506586
988,ACC_6,TSLA,91.95,30,SELL,2026-02-13 13:41:09.506590
989,ACC_14,MSFT,112.03,80,BUY,2026-02-12 02:01:09.506595
990,ACC_5,AAPL,98.41,1764,BUY,2026-02-11 11:25:09.506599
991,ACC_17,AMZN,104.82,67,BUY,2026-02-11 07:20:09.506605
992,ACC_14,MSFT,98.23,51,BUY,2026-02-11 00:29:09.506609
993,ACC_3,AMZN,100.49,35,SELL,2026-02-11 08:55:09.506614
994,ACC_17,AAPL,97.16,63,BUY,2026-02-12 00:04:09.506618
995,ACC_6,MSFT,104.81,53,BUY,2026-02-12 05:21:09.506622
996,ACC_6,MSFT,95.15,49,BUY,2026-02-07 19:55:09.506627
997,ACC_10,AAPL,100.18,75,SELL,2026-02-12 09:34:09.506631
998,ACC_7,MSFT,96.16,49,BUY,2026-02-13 04:18:09.506636
999,ACC_4,MSFT,99.55,15,BUY,2026-02-10 15:01:09.506640
